{
  "MARKET_RETURN": 0.45982041764716075,
  "SIGMA_M": 0.008616806018417774,
  "ANNUAL_RISK_FREE_RETURN": 0.06,
  "DAILY_RISK_FREE_RETURN": 0.00015965358745284597,
  "E(Rp)": 1.0251851926525093,
  "PortfolioBeta": 2.2299610987005587,
  "---------------------": "---------------------",
  "Rp": -0.02288036383850996,
  "PortfolioSigma": 0.6894935708102782,
  "JensonsAlpha": -1.0480655564910193,
  "SharpeRatio": 0.4328260224875408,
  "TreynorsRatio": 1.3998465446432578
}