{
  "MARKET_RETURN": 0.12196065283810231,
  "SIGMA_M": 0.008480549902297421,
  "ANNUAL_RISK_FREE_RETURN": 0.06,
  "DAILY_RISK_FREE_RETURN": 0.00015965358745284597,
  "E(Rp)": 0.23958212504653592,
  "PortfolioBeta": 1.9656861863174322,
  "---------------------": "---------------------",
  "Rp": 0.2200274238751136,
  "PortfolioSigma": 0.20505310840966887,
  "JensonsAlpha": -0.01955470117142233,
  "SharpeRatio": 0.875783480871476,
  "TreynorsRatio": 0.09135849165373124
}