{
  "MARKET_RETURN": 0.7456419732801143,
  "SIGMA_M": 0.008480549902297421,
  "ANNUAL_RISK_FREE_RETURN": 0.06,
  "DAILY_RISK_FREE_RETURN": 0.00015965358745284597,
  "E(Rp)": 1.3599044985743554,
  "PortfolioBeta": 1.8239799837257447,
  "---------------------": "---------------------",
  "Rp": 0.25176854479909694,
  "PortfolioSigma": 0.2836442789923325,
  "JensonsAlpha": -1.1081359537752584,
  "SharpeRatio": 4.582868736828972,
  "TreynorsRatio": 0.7126747607827971
}